name,employee,location,type,status,description, attribute1, attribute2
Med1,James,HHALL00203,InfusionPump,Complete,Need a new pump,N/A,N/A
Med2,Liam,HHALL00303,Bed,Complete,New bed,N/A,N/A
Med3,Harriot,HHALL01003,Recliner,Complete,Need a new recliner,N/A,N/A
Med4,Ariana,HSTAI00103,Bed,Complete,New bed,N/A,N/A
Lab1,Carly,HDEPT00102,bloodtest,In Progress,Get result ASAP,N/A,N/A
Lab2,Tom,CDEPT002L1,Pills,Not Started,20 count,N/A,N/A
Lab3,Alex,CHALL005L2,COVIDTest,Complete,Rapid,N/A,N/A
Main1,James,WELEV00L02,N/A,Not Started,Broken Elevator,N/A,N/A
Main2,Tom,HBATH00103,N/A,In Progress,Flooded bathroom,N/A,N/A
Tran1,Liam,APATI00103,room change,Complete,Liam's cousin,N/A,Patient room pod C 1 floor 3
Meal1,Aadhya,WELEV00L02,Steak,Not Started,immediately,N/A,N/A
Gift1,Aadhya,WELEV00L02,Balloons,Not Started,immediately,Ali,Jakob
San1,Aadhya,WELEV00L02,Janitorial,Not Started,immediately,N/A,N/A